{
  "mean": [
    8.20730568688829,
    3.228175384992361,
    1.45712319339298,
    1954.306400550585,
    2.843358568479009,
    1.9582931865106676,
    0.5002064693737096,
    13.80469090451879
  ],
  "std": [
    0.6923983355602238,
    1.2033261760370133,
    1.1041368669176412,
    1508.4221659821246,
    2.1084414629633823,
    1.415058277663064,
    0.49999995737039604,
    1.0407976920922237
  ]
}