{
  "mean": [
    95.4383316040039,
    0.8458227515220642,
    2.815190076828003,
    18.289369583129883,
    -0.02696198970079422,
    0.04468362405896187,
    -0.04454901069402695,
    0.01708861254155636,
    0.23835454881191254,
    0.24189850687980652,
    1.9693669080734253,
    0.005569620057940483,
    0.02417721413075924,
    0.018607595935463905
  ],
  "std": [
    7.084842681884766,
    0.04502060264348984,
    0.20305179059505463,
    3.1194701194763184,
    3.4837825298309326,
    6.11475944519043,
    1.2221567630767822,
    1.250602126121521,
    2.282555341720581,
    1.1920921802520752,
    0.16109859943389893,
    0.026564791798591614,
    0.10480371117591858,
    0.08713054656982422
  ]
}