{
  "mean": [
    0.023255813953488372,
    5.539186492454297
  ],
  "std": [
    0.9997295469862633,
    1.4101912650061017
  ]
}