{
  "mean": [
    0.1018582209944725,
    -0.0004129387380089611,
    13.80469036102295,
    3.228175640106201,
    8.207305908203125,
    1.9582931995391846,
    2.8433585166931152,
    1.4571231603622437,
    1954.306396484375
  ],
  "std": [
    0.30246177315711975,
    0.9999998211860657,
    1.0407977104187012,
    1.2033262252807617,
    0.6923983097076416,
    1.4150582551956177,
    2.1084415912628174,
    1.1041368246078491,
    1508.422119140625
  ]
}