{
  "mean": [
    95.51677703857422,
    0.8561112284660339,
    2.8764445781707764,
    18.489665985107422,
    0.08955561369657516,
    0.2440001666545868,
    -0.09748686105012894,
    0.04266666993498802,
    0.29600003361701965,
    0.1458418369293213,
    2.0203332901000977,
    0.006777778267860413,
    0.03766666725277901,
    0.030888888984918594
  ],
  "std": [
    6.776395320892334,
    0.051179300993680954,
    0.2582949995994568,
    3.038905143737793,
    3.3856356143951416,
    6.080062389373779,
    1.2031320333480835,
    1.236954927444458,
    2.352400541305542,
    1.1906342506408691,
    0.2100658118724823,
    0.027236729860305786,
    0.12420457601547241,
    0.10556350648403168
  ],
  "sign": 1.0
}