{
  "mean": [
    0.003358305347455438,
    5.5421594241932075
  ],
  "std": [
    0.9999943608766741,
    1.4875979174863536
  ]
}